; markov-from-seq	/Users/jvanheld/no_backup/stage-M1_Anouk-Risch_2026/DNA-kmer-analysis/.venv/bin/markov-from-seq -i data/seq/yeast_all-upstream-noorf.fasta -m 4 -o data/bg-models/yeast_all-upstream-noorf_Markov_m4.tsv
;
; Program version	0.1
; Input file	data/seq/yeast_all-upstream-noorf.fasta
#pr\su 	a	c	g	t	Sum	P_prefix
aaaa	0.48104	0.12047	0.18292	0.21557	1	0.0217
aaac	0.38836	0.16206	0.17978	0.26979	1	0.0067
aaag	0.37102	0.17484	0.21574	0.23840	1	0.0088
aaat	0.37839	0.14489	0.17539	0.30132	1	0.0113
aaca	0.41555	0.15183	0.18699	0.24562	1	0.0067
aacc	0.35386	0.18391	0.16585	0.29638	1	0.0029
aacg	0.32461	0.21448	0.19582	0.26509	1	0.0031
aact	0.30166	0.15604	0.19860	0.34370	1	0.0050
aaga	0.46166	0.12471	0.19959	0.21404	1	0.0080
aagc	0.36874	0.17086	0.17959	0.28081	1	0.0040
aagg	0.35767	0.18504	0.22263	0.23466	1	0.0045
aagt	0.33505	0.13097	0.21384	0.32014	1	0.0053
aata	0.35080	0.14879	0.16752	0.33289	1	0.0114
aatc	0.35777	0.18460	0.16300	0.29462	1	0.0045
aatg	0.34326	0.19011	0.19100	0.27563	1	0.0052
aatt	0.27658	0.15729	0.19062	0.37551	1	0.0092
acaa	0.36685	0.16656	0.18770	0.27889	1	0.0066
acac	0.38934	0.19478	0.14502	0.27086	1	0.0032
acag	0.31465	0.21888	0.17538	0.29109	1	0.0034
acat	0.36966	0.17526	0.13791	0.31718	1	0.0053
acca	0.35481	0.19819	0.16863	0.27836	1	0.0031
accc	0.28880	0.18678	0.20438	0.32004	1	0.0019
accg	0.25824	0.24345	0.17308	0.32523	1	0.0016
acct	0.24798	0.20461	0.17182	0.37559	1	0.0028
acga	0.39067	0.16587	0.17314	0.27031	1	0.0027
acgc	0.34549	0.18264	0.19722	0.27465	1	0.0019
acgg	0.31395	0.21963	0.17218	0.29424	1	0.0017
acgt	0.32800	0.15632	0.19599	0.31969	1	0.0026
acta	0.30708	0.20197	0.16921	0.32174	1	0.0046
actc	0.32304	0.19623	0.13856	0.34217	1	0.0025
actg	0.28815	0.23091	0.16507	0.31586	1	0.0031
actt	0.21237	0.22263	0.16868	0.39632	1	0.0054
agaa	0.44043	0.14744	0.20596	0.20616	1	0.0084
agac	0.38065	0.16798	0.19837	0.25300	1	0.0024
agag	0.37393	0.18755	0.21452	0.22400	1	0.0037
agat	0.34029	0.16263	0.20757	0.28950	1	0.0046
agca	0.36242	0.17323	0.20745	0.25690	1	0.0041
agcc	0.33405	0.18176	0.18999	0.29420	1	0.0020
agcg	0.29481	0.22375	0.22056	0.26088	1	0.0020
agct	0.25379	0.17414	0.21710	0.35497	1	0.0032
agga	0.44891	0.12810	0.18184	0.24114	1	0.0039
aggc	0.36168	0.18283	0.18841	0.26708	1	0.0021
aggg	0.33879	0.20319	0.20140	0.25662	1	0.0022
aggt	0.31089	0.15141	0.21569	0.32201	1	0.0027
agta	0.34327	0.16435	0.18168	0.31071	1	0.0051
agtc	0.37746	0.16790	0.17293	0.28172	1	0.0021
agtg	0.33878	0.19287	0.20146	0.26690	1	0.0031
agtt	0.25299	0.17703	0.19546	0.37452	1	0.0049
ataa	0.38034	0.14478	0.15613	0.31874	1	0.0105
atac	0.35997	0.17032	0.17013	0.29958	1	0.0053
atag	0.33409	0.19942	0.16462	0.30188	1	0.0050
atat	0.42796	0.13440	0.13157	0.30608	1	0.0125
atca	0.35734	0.18389	0.15176	0.30700	1	0.0054
atcc	0.29621	0.18496	0.16114	0.35770	1	0.0027
atcg	0.28996	0.23730	0.16355	0.30919	1	0.0025
atct	0.25286	0.20705	0.17523	0.36486	1	0.0048
atga	0.36109	0.16236	0.18970	0.28685	1	0.0051
atgc	0.33959	0.19541	0.17235	0.29265	1	0.0029
atgg	0.33862	0.21714	0.17337	0.27087	1	0.0027
atgt	0.35497	0.14650	0.19553	0.30300	1	0.0045
atta	0.28295	0.18570	0.14935	0.38200	1	0.0083
attc	0.31319	0.20738	0.13615	0.34328	1	0.0053
attg	0.31053	0.20593	0.16256	0.32098	1	0.0055
attt	0.23410	0.19452	0.14970	0.42169	1	0.0117
caaa	0.41758	0.15896	0.17594	0.24752	1	0.0073
caac	0.38677	0.16371	0.15919	0.29033	1	0.0036
caag	0.37993	0.18392	0.19711	0.23903	1	0.0039
caat	0.34516	0.16140	0.17345	0.31998	1	0.0055
caca	0.30851	0.21320	0.17761	0.30068	1	0.0037
cacc	0.32871	0.20859	0.17453	0.28817	1	0.0022
cacg	0.27864	0.20646	0.18228	0.33262	1	0.0017
cact	0.27375	0.16633	0.19359	0.36633	1	0.0033
caga	0.41539	0.13801	0.18190	0.26469	1	0.0032
cagc	0.36040	0.17601	0.17738	0.28621	1	0.0024
cagg	0.32789	0.21525	0.19749	0.25937	1	0.0019
cagt	0.32784	0.14916	0.18865	0.33435	1	0.0031
cata	0.29763	0.18277	0.14577	0.37383	1	0.0054
catc	0.32326	0.16356	0.18992	0.32326	1	0.0036
catg	0.31349	0.20713	0.16999	0.30939	1	0.0024
catt	0.25562	0.17952	0.17919	0.38568	1	0.0060
ccaa	0.35929	0.19328	0.19654	0.25089	1	0.0035
ccac	0.31099	0.21130	0.16656	0.31115	1	0.0021
ccag	0.30520	0.22340	0.17663	0.29476	1	0.0018
ccat	0.28366	0.20755	0.13593	0.37286	1	0.0031
ccca	0.31637	0.22184	0.17699	0.28480	1	0.0019
cccc	0.27468	0.21163	0.15738	0.35630	1	0.0014
cccg	0.22454	0.27386	0.22773	0.27386	1	0.0011
ccct	0.20435	0.20717	0.16003	0.42845	1	0.0024
ccga	0.37777	0.15877	0.18795	0.27551	1	0.0014
ccgc	0.28838	0.23928	0.17974	0.29260	1	0.0015
ccgg	0.30186	0.23261	0.23202	0.23350	1	0.0011
ccgt	0.28306	0.17670	0.17804	0.36221	1	0.0017
ccta	0.31875	0.20525	0.14495	0.33105	1	0.0024
cctc	0.28092	0.19051	0.17717	0.35140	1	0.0024
cctg	0.25599	0.24705	0.17680	0.32016	1	0.0019
cctt	0.18974	0.21260	0.15824	0.43941	1	0.0045
cgaa	0.40971	0.15140	0.21843	0.22046	1	0.0031
cgac	0.34710	0.15607	0.21231	0.28452	1	0.0013
cgag	0.34561	0.19263	0.24670	0.21506	1	0.0017
cgat	0.30987	0.15171	0.24652	0.29189	1	0.0024
cgca	0.33423	0.18973	0.19256	0.28349	1	0.0021
cgcc	0.31677	0.19736	0.20113	0.28474	1	0.0014
cgcg	0.26222	0.25264	0.20302	0.28212	1	0.0013
cgct	0.25467	0.17707	0.20956	0.35869	1	0.0020
cgga	0.42477	0.14114	0.19200	0.24209	1	0.0017
cggc	0.29676	0.18318	0.21750	0.30256	1	0.0014
cggg	0.27335	0.20629	0.18772	0.33263	1	0.0011
cggt	0.29134	0.14973	0.24428	0.31465	1	0.0016
cgta	0.30716	0.19753	0.16146	0.33385	1	0.0026
cgtc	0.33830	0.17974	0.17023	0.31173	1	0.0015
cgtg	0.29449	0.22149	0.20025	0.28377	1	0.0016
cgtt	0.24002	0.18550	0.17272	0.40177	1	0.0031
ctaa	0.36688	0.16870	0.15650	0.30792	1	0.0042
ctac	0.32386	0.18902	0.14119	0.34593	1	0.0029
ctag	0.28631	0.21441	0.15741	0.34187	1	0.0023
ctat	0.29426	0.18586	0.13072	0.38915	1	0.0048
ctca	0.33578	0.17895	0.15455	0.33071	1	0.0032
ctcc	0.28592	0.20428	0.16490	0.34491	1	0.0021
ctcg	0.36850	0.19714	0.16105	0.27330	1	0.0017
ctct	0.21221	0.20527	0.15679	0.42572	1	0.0038
ctga	0.39967	0.16125	0.16533	0.27376	1	0.0029
ctgc	0.31744	0.18956	0.16248	0.33052	1	0.0025
ctgg	0.30753	0.22677	0.17274	0.29295	1	0.0018
ctgt	0.28172	0.17310	0.18361	0.36157	1	0.0034
ctta	0.28820	0.20145	0.14941	0.36094	1	0.0043
cttc	0.26932	0.21764	0.13863	0.37441	1	0.0048
cttg	0.29047	0.22813	0.17096	0.31044	1	0.0037
cttt	0.20044	0.20209	0.13989	0.45758	1	0.0091
gaaa	0.45564	0.14272	0.18064	0.22099	1	0.0097
gaac	0.37170	0.16216	0.17940	0.28675	1	0.0032
gaag	0.37030	0.19174	0.19604	0.24192	1	0.0046
gaat	0.37735	0.15581	0.18206	0.28477	1	0.0050
gaca	0.36232	0.16848	0.20692	0.26227	1	0.0029
gacc	0.32826	0.20269	0.16312	0.30594	1	0.0013
gacg	0.30000	0.24190	0.19892	0.25918	1	0.0015
gact	0.29357	0.17633	0.20949	0.32060	1	0.0021
gaga	0.44093	0.12553	0.19316	0.24038	1	0.0037
gagc	0.36325	0.18137	0.16524	0.29015	1	0.0019
gagg	0.37993	0.18502	0.18742	0.24764	1	0.0022
gagt	0.31918	0.14872	0.21836	0.31374	1	0.0023
gata	0.34971	0.15224	0.17217	0.32588	1	0.0048
gatc	0.34209	0.17171	0.15859	0.32761	1	0.0022
gatg	0.41193	0.17776	0.17419	0.23612	1	0.0031
gatt	0.25684	0.18391	0.19158	0.36767	1	0.0043
gcaa	0.36808	0.17051	0.20690	0.25451	1	0.0042
gcac	0.34119	0.19933	0.17424	0.28524	1	0.0022
gcag	0.31074	0.23348	0.18047	0.27531	1	0.0025
gcat	0.30705	0.19231	0.15318	0.34746	1	0.0034
gcca	0.33256	0.20119	0.17535	0.29090	1	0.0023
gccc	0.30089	0.19123	0.17743	0.33046	1	0.0013
gccg	0.25699	0.27504	0.19344	0.27453	1	0.0013
gcct	0.20444	0.20669	0.18708	0.40180	1	0.0021
gcga	0.34653	0.16332	0.17326	0.31688	1	0.0018
gcgc	0.29475	0.21169	0.21474	0.27883	1	0.0015
gcgg	0.27946	0.26282	0.20059	0.25712	1	0.0015
gcgt	0.27841	0.19244	0.18339	0.34576	1	0.0018
gcta	0.29757	0.19749	0.17396	0.33098	1	0.0027
gctc	0.30685	0.18140	0.16938	0.34237	1	0.0019
gctg	0.29079	0.24697	0.16931	0.29293	1	0.0023
gctt	0.21485	0.22391	0.16923	0.39201	1	0.0039
ggaa	0.42399	0.13051	0.22667	0.21884	1	0.0047
ggac	0.37142	0.18383	0.18359	0.26117	1	0.0014
ggag	0.37955	0.17695	0.21820	0.22530	1	0.0019
ggat	0.31981	0.15761	0.19256	0.33002	1	0.0025
ggca	0.35465	0.17357	0.20441	0.26736	1	0.0024
ggcc	0.30324	0.20964	0.19663	0.29049	1	0.0013
ggcg	0.26211	0.23669	0.25060	0.25060	1	0.0014
ggct	0.25578	0.18837	0.21514	0.34071	1	0.0020
ggga	0.44785	0.13745	0.18500	0.22970	1	0.0020
gggc	0.32389	0.20343	0.19896	0.27372	1	0.0013
gggg	0.32825	0.21794	0.20830	0.24552	1	0.0012
gggt	0.33207	0.15402	0.23065	0.28325	1	0.0018
ggta	0.36737	0.15831	0.18115	0.29317	1	0.0028
ggtc	0.33358	0.20921	0.15791	0.29930	1	0.0013
ggtg	0.31028	0.20000	0.19900	0.29071	1	0.0020
ggtt	0.25541	0.18104	0.19180	0.37176	1	0.0028
gtaa	0.36962	0.17030	0.16187	0.29820	1	0.0051
gtac	0.33442	0.16696	0.17957	0.31906	1	0.0027
gtag	0.30429	0.20237	0.17411	0.31923	1	0.0027
gtat	0.37331	0.14320	0.15460	0.32890	1	0.0050
gtca	0.30606	0.20376	0.15279	0.33740	1	0.0027
gtcc	0.28446	0.19027	0.17248	0.35279	1	0.0014
gtcg	0.26601	0.23902	0.17470	0.32028	1	0.0013
gtct	0.21691	0.20037	0.17670	0.40602	1	0.0023
gtga	0.36779	0.17844	0.16665	0.28712	1	0.0030
gtgc	0.32400	0.19414	0.17315	0.30871	1	0.0020
gtgg	0.29745	0.23164	0.18753	0.28338	1	0.0019
gtgt	0.29949	0.15687	0.21803	0.32561	1	0.0029
gtta	0.29262	0.20754	0.16952	0.33032	1	0.0042
gttc	0.29542	0.19589	0.14613	0.36256	1	0.0031
gttg	0.30068	0.20455	0.18993	0.30484	1	0.0033
gttt	0.23407	0.20219	0.16419	0.39955	1	0.0065
taaa	0.38852	0.15809	0.18341	0.26998	1	0.0100
taac	0.36443	0.16971	0.17217	0.29369	1	0.0043
taag	0.33965	0.19413	0.20391	0.26230	1	0.0044
taat	0.39578	0.13865	0.16178	0.30379	1	0.0085
taca	0.31216	0.17482	0.17349	0.33954	1	0.0053
tacc	0.31529	0.22223	0.16307	0.29941	1	0.0030
tacg	0.27243	0.20139	0.19817	0.32800	1	0.0026
tact	0.30619	0.15509	0.19261	0.34611	1	0.0053
taga	0.41759	0.12542	0.18608	0.27092	1	0.0043
tagc	0.35215	0.19480	0.17613	0.27691	1	0.0029
tagg	0.34994	0.19029	0.19085	0.26892	1	0.0024
tagt	0.34642	0.13732	0.19288	0.32338	1	0.0045
tata	0.27341	0.16069	0.12740	0.43850	1	0.0117
tatc	0.36291	0.17213	0.14708	0.31789	1	0.0050
tatg	0.28316	0.18551	0.17047	0.36087	1	0.0044
tatt	0.27989	0.17341	0.16282	0.38388	1	0.0112
tcaa	0.34205	0.18355	0.18834	0.28606	1	0.0061
tcac	0.30275	0.20849	0.15557	0.33320	1	0.0033
tcag	0.28316	0.24305	0.17215	0.30164	1	0.0029
tcat	0.26996	0.24312	0.13287	0.35406	1	0.0058
tcca	0.31273	0.20251	0.16327	0.32149	1	0.0032
tccc	0.27549	0.21122	0.13767	0.37562	1	0.0022
tccg	0.24244	0.25062	0.19277	0.31418	1	0.0017
tcct	0.20999	0.22192	0.15434	0.41375	1	0.0040
tcga	0.35501	0.13751	0.24149	0.26600	1	0.0026
tcgc	0.30330	0.20226	0.18286	0.31159	1	0.0019
tcgg	0.29311	0.24295	0.18077	0.28317	1	0.0014
tcgt	0.26243	0.17943	0.17165	0.38649	1	0.0026
tcta	0.27476	0.20786	0.15858	0.35880	1	0.0043
tctc	0.28871	0.19416	0.14578	0.37135	1	0.0040
tctg	0.25062	0.23878	0.16940	0.34119	1	0.0032
tctt	0.18125	0.21842	0.17686	0.42347	1	0.0081
tgaa	0.43624	0.14165	0.18398	0.23813	1	0.0063
tgac	0.36305	0.16275	0.19271	0.28149	1	0.0027
tgag	0.35708	0.19944	0.20326	0.24022	1	0.0030
tgat	0.34457	0.14908	0.21369	0.29266	1	0.0048
tgca	0.32523	0.17860	0.20282	0.29335	1	0.0038
tgcc	0.33956	0.18832	0.16861	0.30350	1	0.0023
tgcg	0.26902	0.22109	0.21305	0.29683	1	0.0019
tgct	0.24597	0.17754	0.21503	0.36145	1	0.0037
tgga	0.45045	0.13382	0.17131	0.24441	1	0.0030
tggc	0.33531	0.17744	0.18900	0.29825	1	0.0022
tggg	0.29800	0.22139	0.18664	0.29397	1	0.0017
tggt	0.30662	0.14636	0.22413	0.32288	1	0.0028
tgta	0.30322	0.17400	0.16877	0.35401	1	0.0051
tgtc	0.35315	0.17993	0.15295	0.31396	1	0.0027
tgtg	0.27464	0.21660	0.17914	0.32963	1	0.0032
tgtt	0.23702	0.18093	0.20296	0.37909	1	0.0061
ttaa	0.34880	0.16512	0.17319	0.31289	1	0.0076
ttac	0.29724	0.20663	0.15114	0.34499	1	0.0053
ttag	0.28095	0.21135	0.17474	0.33296	1	0.0041
ttat	0.30336	0.17647	0.13642	0.38376	1	0.0100
ttca	0.33934	0.17917	0.16814	0.31334	1	0.0068
ttcc	0.28257	0.19869	0.15066	0.36809	1	0.0049
ttcg	0.28926	0.21175	0.17343	0.32555	1	0.0031
ttct	0.20606	0.19916	0.15652	0.43826	1	0.0085
ttga	0.38407	0.14550	0.17436	0.29607	1	0.0058
ttgc	0.32181	0.20180	0.15402	0.32237	1	0.0042
ttgg	0.28560	0.23777	0.17514	0.30148	1	0.0034
ttgt	0.26547	0.16368	0.16454	0.40631	1	0.0062
ttta	0.27188	0.19763	0.15077	0.37972	1	0.0102
tttc	0.28799	0.20960	0.12622	0.37619	1	0.0101
tttg	0.29067	0.21386	0.17359	0.32189	1	0.0071
tttt	0.17558	0.20091	0.13101	0.49249	1	0.0231
; Sum	81.91049	48.12398	46.06577	79.89976	256
; P_res	0.31996	0.18798	0.17994	0.31211
; Job started	2026-05-11 10:19:03.928113
; Job done	2026-05-11 10:19:04.617075
; Job duration	0.689 seconds
