; markov-from-seq	/Users/jvanheld/no_backup/stage-M1_Anouk-Risch_2026/DNA-kmer-analysis/.venv/bin/markov-from-seq -i data/seq/yeast_all-upstream-noorf.fasta.gz -m 1 -o data/bg-models/yeast_all-upstream-noorf_Markov_mkv1.tsv
;
; Program version	0.1
; Input file	data/seq/yeast_all-upstream-noorf.fasta.gz
#pr\su 	a	c	g	t	Sum	P_prefix
a	0.36867	0.16323	0.17561	0.29249	1	0.3230
c	0.32883	0.18926	0.16510	0.31680	1	0.1807
g	0.31537	0.21055	0.18786	0.28622	1	0.1745
t	0.27890	0.17734	0.17123	0.37253	1	0.3218
; Sum	1.29178	0.74038	0.69981	1.26803	4
; P_res	0.32294	0.18510	0.17495	0.31701
; Job started	2026-05-18 10:33:53.162205
; Job done	2026-05-18 10:33:53.821994
; Job duration	0.660 seconds
