; markov-from-seq	markov-from-seq -i data/seq/yeast_all-upstream-noorf.fasta.gz -m 2 -o results/bg-models/yeast_all-upstream-noorf_mkv2.tsv
;
; Program version	0.1
; Input file	data/seq/yeast_all-upstream-noorf.fasta.gz
#pr\su 	a	c	g	t	Sum	P_prefix
aa	0.41064	0.15065	0.18367	0.25504	1	1.1891e-01
ac	0.35323	0.17909	0.16977	0.29791	1	5.2721e-02
ag	0.33891	0.19914	0.19292	0.26902	1	5.6679e-02
at	0.35219	0.16278	0.16014	0.32489	1	9.4474e-02
ca	0.34415	0.18309	0.17784	0.29492	1	5.9313e-02
cc	0.30669	0.19812	0.16858	0.32661	1	3.4196e-02
cg	0.28326	0.22847	0.19263	0.29564	1	2.9837e-02
ct	0.24615	0.18817	0.18283	0.38285	1	5.7283e-02
ga	0.41044	0.14260	0.18580	0.26116	1	5.5046e-02
gc	0.33498	0.19098	0.17914	0.29490	1	3.6758e-02
gg	0.32268	0.21478	0.19244	0.27010	1	3.2804e-02
gt	0.30967	0.15432	0.19760	0.33841	1	4.9982e-02
ta	0.30416	0.17930	0.15722	0.35932	1	8.9741e-02
tc	0.31607	0.19241	0.14954	0.34197	1	5.7072e-02
tg	0.30414	0.21016	0.17725	0.30845	1	5.5167e-02
tt	0.22417	0.19327	0.16320	0.41936	1	1.2002e-01
; Sum	5.16153	2.96734	2.83058	5.04054	16
; P_res	0.32260	0.18546	0.17691	0.31503
; Job started	2026-05-28 07:12:10.532867
; Job done	2026-05-28 07:12:11.185602
; Job duration	0.653 seconds
