; oligo-analysis  -v 1 -sort -i $RSAT/public_html/tmp/www-data/2026/05/14/tmp_sequence_2026-05-14.063902_adLfN6.fasta -format fasta -return freq,occ,proba,rank -2str -quick_if_possible -seqtype dna -markov 0 -pseudo 0.01 -l 1 -o $RSAT/public_html/tmp/www-data/2026/05/14/oligo-analysis_2026-05-14.063902_dOfOa8_1nt.tab
; Citation: van Helden et al. (1998). J Mol Biol 281(5), 827-42. 
; Program version              	1.169
; Quick counting mode          
; Detection of over-represented words (right-tail test)
; Oligomer length              	1
; Input file                   	$RSAT/public_html/tmp/www-data/2026/05/14/tmp_sequence_2026-05-14.063902_adLfN6.fasta
; Input format                 	fasta
; Output file                  	$RSAT/public_html/tmp/www-data/2026/05/14/oligo-analysis_2026-05-14.063902_dOfOa8_1nt.tab
; Count overlapping matches
; Counted on both strands
; 	grouped by pairs of reverse complements
; Background model             	Markov
; Background estimation method 	Markov model estimated from input sequences
; Markov chain order           	0
; Pseudo-frequency             	0.01
; Pseudo-frequency per oligo   	0.005
; Sequence type                	DNA
; Nb of sequences              	19
; Sum of sequence lengths      	9485
; discarded residues           	NA (quick mode)	 (other letters than ACGT)
; discarded occurrences        	NA (quick mode)	 (contain discarded residues)
; nb possible positions        	NA (quick mode)
; total oligo occurrences      	9485
; alphabet size                	4
; nb possible oligomers        	2
; oligomers tested for significance	2
; Sequences:
;	MET8	463
;	MET32	547
;	MET18	568
;	MET30	177
;	MET28	489
;	MET6	687
;	MET10	338
;	MET13	380
;	MET3	800
;	MET14	800
;	MET1	702
;	MET17	800
;	MET2	481
;	MET4	800
;	MET22	215
;	MET7	250
;	MET31	161
;	MET12	384
;	MET16	443
;
; column headers
;	1	seq            	oligomer sequence
;	2	id             	oligomer identifier
;	3	obs_freq       	observed relative frequency
;	4	exp_freq       	expected relative frequency
;	5	occ            	observed occurrences
;	6	exp_occ        	expected occurrences
;	7	occ_P          	occurrence probability (binomial)
;	8	occ_E          	E-value for occurrences (binomial)
;	9	occ_sig        	occurrence significance (binomial)
;	10	rank           	rank
#seq	id	obs_freq	exp_freq	occ	exp_occ	occ_P	occ_E	occ_sig	rank
a	a|t	0.6382709541381	0.6405191200000	6054	6075.32	0.68003	1.4e+00	-0.13	1
c	c|g	0.3617290458619	0.3694808800000	3431	3504.53	0.94251	1.9e+00	-0.28	2
; Host name	rsat
; Job started	2026-05-14.063902
; Job done	2026-05-14.063902
; Seconds	0.1
;	user	0.1
;	system	0.02
;	cuser	0.07
;	csystem	0.01
