; oligo-analysis  -i data/seq/yeast_all-upstream-noorf.fasta.gz -l 6 -2str -markov 4 -v 1 -return occ,freq,exp,proba -sort -lth occ_sig 0 -o data/rsat_oligos/yeast_all-upsteam-noorf_6nt-2str_mkv4_sig0.tsv
; Citation: van Helden et al. (1998). J Mol Biol 281(5), 827-42. 
; Program version              	1.169
; Slow counting mode           
; Detection of over-represented words (right-tail test)
; Oligomer length              	6
; Input file                   	data/seq/yeast_all-upstream-noorf.fasta.gz
; Input format                 	fasta
; Output file                  	data/rsat_oligos/yeast_all-upsteam-noorf_6nt-2str_mkv4_sig0.tsv
; Count overlapping matches
; Counted on both strands
; 	grouped by pairs of reverse complements
; Background model             	Markov
; Background estimation method 	Markov model estimated from input sequences
; Markov chain order           	4
; Sequence type                	DNA
; Nb of sequences              	6200
; Sum of sequence lengths      	3031244
; discarded residues           		 (other letters than ACGT)
; discarded occurrences        		 (contain discarded residues)
; nb possible positions        	3000438
; total oligo occurrences      	3000438
; alphabet size                	4
; nb possible oligomers        	2080
; oligomers tested for significance	2080
;
; column headers
;	1	seq            	oligomer sequence
;	2	id             	oligomer identifier
;	3	obs_freq       	observed relative frequency
;	4	exp_freq       	expected relative frequency
;	5	occ            	observed occurrences
;	6	exp_occ        	expected occurrences
;	7	occ_P          	occurrence probability (binomial)
;	8	occ_E          	E-value for occurrences (binomial)
;	9	occ_sig        	occurrence significance (binomial)
#seq	id	obs_freq	exp_freq	occ	exp_occ	occ_P	occ_E	occ_sig
aaaaaa	aaaaaa|tttttt	0.0118809320506	0.0099988223930	35648	30000.85	2e-222	3e-219	218.46
gggtaa	gggtaa|ttaccc	0.0006075779603	0.0004290861323	1823	1287.45	4.9e-45	1.0e-41	40.99
gtttta	gtttta|taaaac	0.0011618303728	0.0009077811508	3486	2723.74	8.4e-45	1.8e-41	40.76
aatgaa	aatgaa|ttcatt	0.0015977667261	0.0012980199127	4794	3894.63	2.8e-44	5.8e-41	40.24
tatata	tatata|tatata	0.0025722911122	0.0021892524480	7718	6568.72	1.2e-43	2.4e-40	39.62
atatta	atatta|taatat	0.0025063007468	0.0021404723782	7520	6422.35	6.5e-41	1.4e-37	36.87
cgggta	cgggta|tacccg	0.0003709458419	0.0002457781382	1113	737.44	4.7e-38	9.8e-35	34.01
caaaac	caaaac|gttttg	0.0009281978165	0.0007305287344	2785	2191.91	2.8e-34	5.9e-31	30.23
gattcc	gattcc|ggaatc	0.0004452683242	0.0003277192802	1336	983.30	8.5e-27	1.8e-23	22.75
aagaaa	aagaaa|tttctt	0.0035821436737	0.0032314394741	10748	9695.73	3.7e-26	7.6e-23	22.12
ctcatc	ctcatc|gatgag	0.0006565708073	0.0005180492433	1970	1554.37	2.4e-24	5.0e-21	20.30
ctcgag	ctcgag|ctcgag	0.0002236340161	0.0001493260197	671	448.04	6.2e-23	1.3e-19	18.89
attttg	attttg|caaaat	0.0014954483312	0.0012912466496	4487	3874.31	4e-22	8.2e-19	18.09
atttta	atttta|taaaat	0.0019557144657	0.0017304943851	5868	5192.24	2e-20	4.1e-17	16.38
atgcta	atgcta|tagcat	0.0005222570838	0.0004132406854	1567	1239.90	2.5e-19	5.1e-16	15.29
aaaatg	aaaatg|catttt	0.0018477302314	0.0016369550982	5544	4911.58	4.7e-19	9.7e-16	15.01
taaata	taaata|tattta	0.0022753344678	0.0020408963046	6827	6123.58	5.2e-19	1.1e-15	14.96
aatatt	aatatt|aatatt	0.0013371381112	0.0011610044202	4012	3483.52	1.2e-18	2.4e-15	14.62
atgtta	atgtta|taacat	0.0007822191293	0.0006508707735	2347	1952.90	2.9e-18	6.0e-15	14.22
agttga	agttga|tcaact	0.0007012309536	0.0005796371070	2104	1739.17	1.3e-17	2.7e-14	13.56
gatgac	gatgac|gtcatc	0.0005139249670	0.0004116302345	1542	1235.07	2.3e-17	4.7e-14	13.33
aaagaa	aaagaa|ttcttt	0.0032801877593	0.0030126020356	9842	9039.13	3.9e-17	8.2e-14	13.09
atatga	atatga|tcatat	0.0010828419051	0.0009322485976	3249	2797.15	4.2e-17	8.7e-14	13.06
aaaaga	aaaaga|tctttt	0.0031968665908	0.0029349769418	9592	8806.22	7.1e-17	1.5e-13	12.83
atgaat	atgaat|attcat	0.0010181846784	0.0008748552281	3055	2624.95	1.5e-16	3.0e-13	12.52
atacta	atacta|tagtat	0.0011128375257	0.0009691211763	3339	2907.79	2.9e-15	6.0e-12	11.22
gaatcc	gaatcc|ggattc	0.0003596141630	0.0002833560274	1079	850.19	2.7e-14	5.7e-11	10.25
atctta	atctta|taagat	0.0007522235087	0.0006397526044	2257	1919.54	3.5e-14	7.3e-11	10.14
ctataa	ctataa|ttatag	0.0008842042395	0.0007645249743	2653	2293.91	1.3e-13	2.8e-10	9.56
gttgga	gttgga|tccaac	0.0004386026307	0.0003560830389	1316	1068.41	1.4e-13	3.0e-10	9.52
atgatg	atgatg|catcat	0.0007312265743	0.0006239999415	2194	1872.27	2.4e-13	5.0e-10	9.30
tgataa	tgataa|ttatca	0.0013104753373	0.0011654082999	3932	3496.74	2.7e-13	5.6e-10	9.25
aattaa	aattaa|ttaatt	0.0015951004487	0.0014346345848	4786	4304.53	2.8e-13	5.9e-10	9.23
atgtga	atgtga|tcacat	0.0005775823396	0.0004863343893	1733	1459.22	1.8e-12	3.7e-09	8.43
atctca	atctca|tgagat	0.0006749014644	0.0005780580133	2025	1734.43	5.6e-12	1.2e-08	7.93
cttggc	cttggc|gccaag	0.0003746119733	0.0003037392122	1124	911.35	5.8e-12	1.2e-08	7.92
tatgaa	tatgaa|ttcata	0.0010251836565	0.0009056064785	3076	2717.22	8.1e-12	1.7e-08	7.77
catcgc	catcgc|gcgatg	0.0003976086158	0.0003256548114	1193	977.11	1.3e-11	2.8e-08	7.56
aaatgc	aaatgc|gcattt	0.0008602077430	0.0007549658796	2581	2265.23	4.4e-11	9.2e-08	7.03
gttaga	gttaga|tctaac	0.0004725976674	0.0003962833740	1418	1189.02	6.2e-11	1.3e-07	6.89
atgata	atgata|tatcat	0.0011251690587	0.0010061798542	3376	3018.98	9.3e-11	1.9e-07	6.72
ggaccc	ggaccc|gggtcc	0.0001453121178	0.0001053320130	436	316.04	1e-10	2.1e-07	6.68
cacgtg	cacgtg|cacgtg	0.0001533109499	0.0001122172844	460	336.70	1.1e-10	2.3e-07	6.64
atgcaa	atgcaa|ttgcat	0.0007268938735	0.0006338497849	2181	1901.83	2.1e-10	4.3e-07	6.37
aatgga	aatgga|tccatt	0.0007728871585	0.0006770910794	2319	2031.57	2.3e-10	4.8e-07	6.31
agatga	agatga|tcatct	0.0008905366483	0.0007887799194	2672	2366.69	4e-10	8.4e-07	6.08
acgtga	acgtga|tcacgt	0.0003686128492	0.0003046882425	1106	914.20	4.4e-10	9.1e-07	6.04
attcta	attcta|tagaat	0.0008438767940	0.0007455433930	2532	2236.96	5.2e-10	1.1e-06	5.97
attatc	attatc|gataat	0.0012424852638	0.0011230649248	3728	3369.69	6.6e-10	1.4e-06	5.86
atgcga	atgcga|tcgcat	0.0003252858416	0.0002661385653	976	798.53	6.9e-10	1.4e-06	5.84
caatgg	caatgg|ccattg	0.0004352697839	0.0003665207656	1306	1099.72	8.1e-10	1.7e-06	5.77
atccta	atccta|taggat	0.0004719310981	0.0004011979120	1416	1203.77	1.4e-09	2.9e-06	5.53
ccggcc	ccggcc|ggccgg	0.0001313141615	0.0000958562280	394	287.61	1.6e-09	3.4e-06	5.47
agccgc	agccgc|gcggct	0.0002629616076	0.0002114030124	789	634.30	1.8e-09	3.7e-06	5.43
cgttgc	cgttgc|gcaacg	0.0002729601478	0.0002209268286	819	662.88	2.7e-09	5.6e-06	5.25
cctcga	cctcga|tcgagg	0.0003706125572	0.0003098042781	1112	929.55	3.4e-09	7.2e-06	5.15
acccgg	acccgg|ccgggt	0.0002259670088	0.0001796791228	678	539.12	4.8e-09	1.0e-05	5.00
aggcta	aggcta|tagcct	0.0003432832140	0.0002854510229	1030	856.48	4.9e-09	1.0e-05	4.99
aatatg	aatatg|catatt	0.0011035055549	0.0009981485966	3311	2994.88	6.9e-09	1.4e-05	4.84
cggtag	cggtag|ctaccg	0.0002079696364	0.0001641997588	624	492.67	7.3e-09	1.5e-05	4.82
ccttgc	ccttgc|gcaagg	0.0003889432143	0.0003279870723	1167	984.10	7.9e-09	1.6e-05	4.79
caattc	caattc|gaattg	0.0006335741648	0.0005550363628	1901	1665.35	8.5e-09	1.8e-05	4.75
aatctg	aatctg|cagatt	0.0005315890547	0.0004602470393	1595	1380.94	9.9e-09	2.1e-05	4.68
attctg	attctg|cagaat	0.0006449058437	0.0005663140280	1935	1699.19	1.1e-08	2.4e-05	4.63
agtgga	agtgga|tccact	0.0004356030686	0.0003716889656	1307	1115.23	1.2e-08	2.5e-05	4.60
agagag	agagag|ctctct	0.0006075779603	0.0005319722019	1823	1596.15	1.5e-08	3.1e-05	4.51
aaatga	aaatga|tcattt	0.0014824502289	0.0013631328382	4448	4090.00	1.7e-08	3.6e-05	4.45
aatgtg	aatgtg|cacatt	0.0006419062817	0.0005644834540	1926	1693.70	1.7e-08	3.6e-05	4.44
agggaa	agggaa|ttccct	0.0007628886183	0.0006784114233	2289	2035.53	1.9e-08	3.9e-05	4.41
caatag	caatag|ctattg	0.0007182284720	0.0006364969763	2155	1909.77	2e-08	4.1e-05	4.38
aagtaa	aagtaa|ttactt	0.0013318055564	0.0012195440552	3996	3659.17	2.1e-08	4.3e-05	4.36
ctcctc	ctcctc|gaggag	0.0003749452580	0.0003172639505	1125	951.93	2.6e-08	5.5e-05	4.26
atatgc	atatgc|gcatat	0.0006898992747	0.0006107664829	2070	1832.57	2.9e-08	6.0e-05	4.22
cccccc	cccccc|gggggg	0.0001583102200	0.0001220448204	475	366.19	3e-08	6.2e-05	4.21
caccca	caccca|tgggtg	0.0003189534328	0.0002662393519	957	798.83	3.1e-08	6.4e-05	4.20
acgata	acgata|tatcgt	0.0005115919742	0.0004442036109	1535	1332.81	3.3e-08	7.0e-05	4.16
cgatgc	cgatgc|gcatcg	0.0002542962061	0.0002079293675	763	623.88	4e-08	8.3e-05	4.08
gattga	gattga|tcaatc	0.0005825816098	0.0005109372107	1748	1533.04	4.1e-08	8.5e-05	4.07
ctagta	ctagta|tactag	0.0006182430698	0.0005446089452	1855	1634.07	4.6e-08	9.5e-05	4.02
gcttcc	gcttcc|ggaagc	0.0004366029226	0.0003763154481	1310	1129.11	8e-08	1.7e-04	3.78
cttttc	cttttc|gaaaag	0.0018050697931	0.0016805025452	5416	5042.24	9.9e-08	2.1e-04	3.68
gggaaa	gggaaa|tttccc	0.0008375443852	0.0007541856432	2513	2262.89	1.2e-07	2.6e-04	3.59
gaatga	gaatga|tcattc	0.0006958983988	0.0006204793987	2088	1861.71	1.4e-07	2.9e-04	3.54
aggtat	aggtat|atacct	0.0005635843833	0.0004963656025	1691	1489.31	1.6e-07	3.4e-04	3.47
aattag	aattag|ctaatt	0.0008398773779	0.0007572583626	2520	2272.11	1.7e-07	3.4e-04	3.46
agcttc	agcttc|gaagct	0.0005742494929	0.0005065041701	1723	1519.73	1.7e-07	3.6e-04	3.45
aaaatt	aaaatt|aatttt	0.0029695664433	0.0028123317196	8910	8438.23	1.8e-07	3.7e-04	3.44
ctatgc	ctatgc|gcatag	0.0002769595639	0.0002309538037	831	692.96	2e-07	4.1e-04	3.39
aaggga	aaggga|tccctt	0.0007535566474	0.0006759983788	2261	2028.29	2e-07	4.2e-04	3.38
acaccg	acaccg|cggtgt	0.0002626283229	0.0002179696665	788	654.00	2.1e-07	4.3e-04	3.37
atggta	atggta|taccat	0.0005125918283	0.0004498347992	1538	1349.70	2.8e-07	5.8e-04	3.24
cgatga	cgatga|tcatcg	0.0005465868650	0.0004818338874	1640	1445.71	3e-07	6.1e-04	3.21
ccgccc	ccgccc|gggcgg	0.0001769741618	0.0001412854963	531	423.92	3.1e-07	6.4e-04	3.20
atgtaa	atgtaa|ttacat	0.0010648445327	0.0009753899390	3195	2926.60	5.2e-07	1.1e-03	2.97
tacgta	tacgta|tacgta	0.0003262856956	0.0002779280449	979	833.91	5.3e-07	1.1e-03	2.95
ataata	ataata|tattat	0.0027845934494	0.0026396415926	8355	7920.08	6.3e-07	1.3e-03	2.88
acctta	acctta|taaggt	0.0004569332877	0.0003996758232	1371	1199.20	6.5e-07	1.3e-03	2.87
ccgcgg	ccgcgg|ccgcgg	0.0000766554750	0.0000546576190	230	164.00	6.7e-07	1.4e-03	2.86
agtgtc	agtgtc|gacact	0.0003059553305	0.0002596553440	918	779.08	6.9e-07	1.4e-03	2.84
accgta	accgta|tacggt	0.0003389505132	0.0002903189169	1017	871.08	7.7e-07	1.6e-03	2.79
aaactg	aaactg|cagttt	0.0007948839469	0.0007193773942	2385	2158.45	8.4e-07	1.7e-03	2.76
gtatac	gtatac|gtatac	0.0003519486155	0.0003026578978	1056	908.11	9.1e-07	1.9e-03	2.72
cgagga	cgagga|tcctcg	0.0003612805864	0.0003114383936	1084	934.45	9.7e-07	2.0e-03	2.70
acttga	acttga|tcaagt	0.0005985792741	0.0005338098707	1796	1601.66	9.9e-07	2.1e-03	2.69
gctaaa	gctaaa|tttagc	0.0006645696395	0.0005963760170	1994	1789.39	1.1e-06	2.2e-03	2.66
ccgcac	ccgcac|gtgcgg	0.0001993042349	0.0001634816186	598	490.52	1.5e-06	3.0e-03	2.52
gatatc	gatatc|gatatc	0.0002496302207	0.0002093288791	749	628.08	1.5e-06	3.1e-03	2.50
cgcgtc	cgcgtc|gacgcg	0.0001769741618	0.0001435840646	531	430.82	1.7e-06	3.6e-03	2.44
gtgcaa	gtgcaa|ttgcac	0.0004875954777	0.0004307149904	1463	1292.33	1.7e-06	3.6e-03	2.44
attcca	attcca|tggaat	0.0006852332893	0.0006175952171	2056	1853.06	1.9e-06	3.9e-03	2.41
acggga	acggga|tcccgt	0.0001989709502	0.0001635955004	597	490.86	1.9e-06	4.0e-03	2.40
atgtca	atgtca|tgacat	0.0005272563539	0.0004687468504	1582	1406.45	2.3e-06	4.8e-03	2.32
cttaaa	cttaaa|tttaag	0.0009485281816	0.0008693327762	2846	2608.38	2.3e-06	4.8e-03	2.32
atgttc	atgttc|gaacat	0.0005569186899	0.0004968593774	1671	1490.80	2.4e-06	5.1e-03	2.30
agggga	agggga|tcccct	0.0003422833600	0.0002958752825	1027	887.76	2.7e-06	5.6e-03	2.25
gcgaaa	gcgaaa|tttcgc	0.0005729163542	0.0005123266175	1719	1537.20	2.8e-06	5.8e-03	2.24
agaata	agaata|tattct	0.0014041283306	0.0013081375701	4213	3924.99	2.8e-06	5.8e-03	2.23
cgccga	cgccga|tcggcg	0.0001789738698	0.0001461797209	537	438.60	3e-06	6.3e-03	2.20
cgaccg	cgaccg|cggtcg	0.0000893202926	0.0000667726384	268	200.35	3.1e-06	6.4e-03	2.20
atggca	atggca|tgccat	0.0004472680322	0.0003945366825	1342	1183.78	3.5e-06	7.3e-03	2.14
atgaga	atgaga|tctcat	0.0007578893482	0.0006888551974	2274	2066.87	3.8e-06	7.9e-03	2.10
aatgca	aatgca|tgcatt	0.0007442246765	0.0006762089810	2233	2028.92	4.3e-06	8.8e-03	2.05
agctca	agctca|tgagct	0.0003889432143	0.0003406371205	1167	1022.06	4.9e-06	1.0e-02	2.00
cttcga	cttcga|tcgaag	0.0004382693460	0.0003869463382	1315	1161.01	5e-06	1.0e-02	1.98
gaccga	gaccga|tcggtc	0.0001383131396	0.0001105195192	415	331.61	5.7e-06	1.2e-02	1.93
atccca	atccca|tgggat	0.0003149540167	0.0002722050877	945	816.73	6.3e-06	1.3e-02	1.88
acttaa	acttaa|ttaagt	0.0007332262823	0.0006670865183	2200	2001.55	6.5e-06	1.4e-02	1.87
aagctg	aagctg|cagctt	0.0005442538723	0.0004875545637	1633	1462.88	6.6e-06	1.4e-02	1.87
gagaga	gagaga|tctctc	0.0005982459894	0.0005388635295	1795	1616.83	6.9e-06	1.4e-02	1.84
agggtc	agggtc|gaccct	0.0002113024832	0.0001768942583	634	530.76	7.3e-06	1.5e-02	1.82
cggacc	cggacc|ggtccg	0.0001136500738	0.0000889350895	341	266.84	7.4e-06	1.5e-02	1.81
aatatc	aatatc|gatatt	0.0011005059928	0.0010195663600	3302	3059.15	7.4e-06	1.5e-02	1.81
agaaag	agaaag|ctttct	0.0014294579658	0.0013374225189	4289	4012.85	8.2e-06	1.7e-02	1.77
aagttc	aagttc|gaactt	0.0006642363548	0.0006020953323	1993	1806.55	8.2e-06	1.7e-02	1.77
ccgtgc	ccgtgc|gcacgg	0.0001663090522	0.0001368163156	499	410.51	1.3e-05	2.7e-02	1.57
agtgaa	agtgaa|ttcact	0.0008408772319	0.0007723921399	2523	2317.51	1.3e-05	2.7e-02	1.56
caatcc	caatcc|ggattg	0.0003719456959	0.0003270619549	1116	981.33	1.4e-05	2.8e-02	1.55
gagtaa	gagtaa|ttactc	0.0005645842374	0.0005088843393	1694	1526.88	1.4e-05	2.8e-02	1.55
cgatta	cgatta|taatcg	0.0004012747472	0.0003551493403	1204	1065.60	1.7e-05	3.6e-02	1.45
ggtgaa	ggtgaa|ttcacc	0.0005102588355	0.0004583398965	1531	1375.22	1.9e-05	4.0e-02	1.40
acggca	acggca|tgccgt	0.0002636281770	0.0002268134676	791	680.54	1.9e-05	4.0e-02	1.40
actagt	actagt|actagt	0.0003089548926	0.0002691938025	927	807.70	2.2e-05	4.5e-02	1.35
gattaa	gattaa|ttaatc	0.0006842334353	0.0006242619504	2053	1873.06	2.2e-05	4.5e-02	1.34
ctatag	ctatag|ctatag	0.0002103026291	0.0001781204302	631	534.44	2.6e-05	5.4e-02	1.27
agctga	agctga|tcagct	0.0004502675943	0.0004024750146	1351	1207.60	2.7e-05	5.6e-02	1.26
agcgta	agcgta|tacgct	0.0003286186883	0.0002880478300	986	864.27	2.7e-05	5.6e-02	1.25
acatga	acatga|tcatgt	0.0005095922662	0.0004590265739	1529	1377.28	3.1e-05	6.3e-02	1.20
acggtg	acggtg|caccgt	0.0002872913888	0.0002497876732	862	749.47	3.1e-05	6.5e-02	1.19
cgatag	cgatag|ctatcg	0.0002896243815	0.0002522368346	869	756.82	3.6e-05	7.4e-02	1.13
aaggaa	aaggaa|ttcctt	0.0015257772365	0.0014383334305	4578	4315.63	3.9e-05	8.0e-02	1.09
gccgcc	gccgcc|ggcggc	0.0002033036510	0.0001724216058	610	517.34	4e-05	8.2e-02	1.08
caatgc	caatgc|gcattg	0.0004092735794	0.0003648114749	1228	1094.59	4e-05	8.3e-02	1.08
cttcta	cttcta|tagaag	0.0008078820492	0.0007448570153	2424	2234.90	4.1e-05	8.5e-02	1.07
cgagcc	cgagcc|ggctcg	0.0001413127017	0.0001159007409	424	347.75	4.2e-05	8.6e-02	1.06
attgtg	attgtg|cacaat	0.0006342407342	0.0005792704611	1903	1738.07	5e-05	1.0e-01	0.98
ggagaa	ggagaa|ttctcc	0.0006992312456	0.0006416034564	2098	1925.09	5.3e-05	1.1e-01	0.96
ggtaac	ggtaac|gttacc	0.0003869435062	0.0003446482310	1161	1034.10	5.7e-05	1.2e-01	0.93
agagta	agagta|tactct	0.0005789154783	0.0005269075959	1737	1580.95	5.8e-05	1.2e-01	0.92
gaaaga	gaaaga|tctttc	0.0013794652647	0.0012985839801	4139	3896.32	6e-05	1.2e-01	0.90
gtgtta	gtgtta|taacac	0.0004982605873	0.0004506514284	1495	1352.15	6.9e-05	1.4e-01	0.84
ctgcgc	ctgcgc|gcgcag	0.0002113024832	0.0001809225469	634	542.85	7.3e-05	1.5e-01	0.82
caggac	caggac|gtcctg	0.0001839731399	0.0001558235121	552	467.54	7.8e-05	1.6e-01	0.79
ataaaa	ataaaa|ttttat	0.0032058652770	0.0030840388415	9619	9253.47	7.9e-05	1.6e-01	0.78
cgggcc	cgggcc|ggcccg	0.0001153164971	0.0000933807115	346	280.18	8.1e-05	1.7e-01	0.78
acgcca	acgcca|tggcgt	0.0002546294908	0.0002215010982	764	664.60	8.7e-05	1.8e-01	0.74
gatggc	gatggc|gccatc	0.0002666277390	0.0002327122320	800	698.24	8.8e-05	1.8e-01	0.74
aaaggg	aaaggg|cccttt	0.0009085340207	0.0008449588982	2726	2535.25	9.3e-05	1.9e-01	0.71
tatgca	tatgca|tgcata	0.0006099109530	0.0005580760867	1830	1674.47	9.3e-05	1.9e-01	0.71
gtgaaa	gtgaaa|tttcac	0.0010368486201	0.0009688660351	3111	2907.02	9.3e-05	1.9e-01	0.71
cccggc	cccggc|gccggg	0.0001463119718	0.0001216799491	439	365.09	9.5e-05	2.0e-01	0.70
atggtg	atggtg|caccat	0.0003686128492	0.0003288185197	1106	986.60	0.00010	2.1e-01	0.68
attagg	attagg|cctaat	0.0004802632149	0.0004346615930	1441	1304.18	0.00010	2.1e-01	0.68
ctatga	ctatga|tcatag	0.0003936091997	0.0003525182956	1181	1057.71	0.00010	2.1e-01	0.67
acttta	acttta|taaagt	0.0009298642398	0.0008663161091	2790	2599.33	0.00011	2.3e-01	0.63
aatgcc	aatgcc|ggcatt	0.0004319369372	0.0003891086491	1296	1167.50	0.00011	2.4e-01	0.63
aagcca	aagcca|tggctt	0.0005012601494	0.0004550261861	1504	1365.28	0.00011	2.4e-01	0.62
aggtga	aggtga|tcacct	0.0004056074480	0.0003641980015	1217	1092.75	0.00012	2.4e-01	0.62
gggccc	gggccc|gggccc	0.0000739891976	0.0000571503567	222	171.48	0.00012	2.6e-01	0.59
atgtgg	atgtgg|ccacat	0.0003556147469	0.0003172230808	1067	951.81	0.00013	2.7e-01	0.57
aagtga	aagtga|tcactt	0.0008282124143	0.0007691231991	2485	2307.71	0.00014	2.8e-01	0.55
cgcccc	cgcccc|ggggcg	0.0001293144534	0.0001067899063	388	320.42	0.00014	2.9e-01	0.54
aaatgg	aaatgg|ccattt	0.0008168807354	0.0007585032030	2451	2275.84	0.00015	3.1e-01	0.51
acaata	acaata|tattgt	0.0013431372353	0.0012679600995	4030	3804.44	0.00015	3.1e-01	0.51
cgtata	cgtata|tatacg	0.0006912324134	0.0006376815617	2074	1913.32	0.00015	3.1e-01	0.51
ctttta	ctttta|taaaag	0.0015491071637	0.0014686209363	4648	4406.51	0.00016	3.3e-01	0.49
ctcccc	ctcccc|ggggag	0.0002073030671	0.0001788618873	622	536.66	0.00017	3.6e-01	0.44
atatat	atatat|atatat	0.0024433099434	0.0023426216926	7331	7028.89	0.00017	3.6e-01	0.44
ctagaa	ctagaa|ttctag	0.0005979127047	0.0005491569716	1794	1647.71	0.00020	4.1e-01	0.39
gttata	gttata|tataac	0.0008938694951	0.0008340341385	2682	2502.47	0.00020	4.1e-01	0.38
ccctcc	ccctcc|ggaggg	0.0002149686146	0.0001863127865	645	559.02	0.00020	4.2e-01	0.37
agtatg	agtatg|catact	0.0005352551861	0.0004893267556	1606	1468.19	0.00020	4.2e-01	0.37
cccgga	cccgga|tccggg	0.0001843064246	0.0001579052774	553	473.78	0.00021	4.3e-01	0.36
gtggca	gtggca|tgccac	0.0003339512431	0.0002980248779	1002	894.21	0.00021	4.4e-01	0.36
aacatg	aacatg|catgtt	0.0005002602953	0.0004561361299	1501	1368.61	0.00022	4.6e-01	0.34
ctgggc	ctgggc|gcccag	0.0001606432128	0.0001362250796	482	408.73	0.00023	4.7e-01	0.33
atgaaa	atgaaa|tttcat	0.0016844207412	0.0016026792070	5054	4808.74	0.00023	4.7e-01	0.32
gttaaa	gttaaa|tttaac	0.0009085340207	0.0008488997409	2726	2547.07	0.00023	4.8e-01	0.32
gtggga	gtggga|tcccac	0.0002446309505	0.0002143242261	734	643.07	0.00024	4.9e-01	0.31
aagatg	aagatg|catctt	0.0007608889102	0.0007065953364	2283	2120.10	0.00024	5.1e-01	0.30
cgtcta	cgtcta|tagacg	0.0002382985417	0.0002086100480	715	625.92	0.00026	5.4e-01	0.26
agttag	agttag|ctaact	0.0004649321199	0.0004230283462	1395	1269.27	0.00027	5.5e-01	0.26
agtaaa	agtaaa|tttact	0.0013638008851	0.0012915583523	4092	3875.24	0.00028	5.9e-01	0.23
gctaga	gctaga|tctagc	0.0003056220458	0.0002720632949	917	816.31	0.00029	5.9e-01	0.23
taatta	taatta|taatta	0.0007678878884	0.0007143292395	2304	2143.30	0.00031	6.4e-01	0.19
aggcga	aggcga|tcgcct	0.0002356322644	0.0002065380339	707	619.70	0.00032	6.6e-01	0.18
attaca	attaca|tgtaat	0.0009798569409	0.0009196470438	2940	2759.34	0.00034	7.1e-01	0.15
cgcgga	cgcgga|tccgcg	0.0001746411691	0.0001501075062	524	450.39	0.00038	7.9e-01	0.10
gggtga	gggtga|tcaccc	0.0002829586880	0.0002515339172	849	754.71	0.00040	8.3e-01	0.08
acccta	acccta|tagggt	0.0002836252574	0.0002524275964	851	757.39	0.00044	9.2e-01	0.03
aaatgt	aaatgt|acattt	0.0011584975260	0.0010945489259	3476	3284.13	0.00046	9.6e-01	0.02
ctcaaa	ctcaaa|tttgag	0.0007918843849	0.0007392510224	2376	2218.08	0.00047	9.7e-01	0.01
; Host name	eduroam-1-5-149.univ-amu.fr
; Job started	2026-05-18.153027
; Job done	2026-05-18.153029
; Seconds	1.84
;	user	1.84
;	system	0.02
;	cuser	0
;	csystem	0
