; oligo-analysis  -v 1 -i data/seq/yeast_MET_upstream.fasta -format fasta -l 4 -1str -bg upstream-noorf -org Saccharomyces_cerevisiae -return freq,occ,proba -seqtype dna -pseudo 0 -o results/oligo-analysis/yeast_MET_upstream-noorf/bg-upstream-noorf/oligos_yeast_MET_upstream_k4_1str_bg-upstream-noorf_enriched.tsv
; Citation: van Helden et al. (1998). J Mol Biol 281(5), 827-42. 
; Program version              	1.169
; Slow counting mode           
; Detection of over-represented words (right-tail test)
; Oligomer length              	4
; Input file                   	data/seq/yeast_MET_upstream.fasta
; Input format                 	fasta
; Output file                  	results/oligo-analysis/yeast_MET_upstream-noorf/bg-upstream-noorf/oligos_yeast_MET_upstream_k4_1str_bg-upstream-noorf_enriched.tsv
; Count overlapping matches
; Counted on a single strand
; Background model             	upstream-noorf
; Organism                     	Saccharomyces_cerevisiae
; Background estimation method 	Frequency file
; Expected frequency file      	$RSAT/public_html/data/genomes/Saccharomyces_cerevisiae/oligo-frequencies/4nt_upstream-noorf_Saccharomyces_cerevisiae-ovlp-1str.freq
; Sequence type                	DNA
; Nb of sequences              	19
; Sum of sequence lengths      	9485
; discarded residues           		 (other letters than ACGT)
; discarded occurrences        		 (contain discarded residues)
; nb possible positions        	9428
; total oligo occurrences      	9428
; alphabet size                	4
; nb possible oligomers        	256
; oligomers tested for significance	256
; Sequences:
;	MET8	463
;	MET32	547
;	MET18	568
;	MET30	177
;	MET28	489
;	MET6	687
;	MET10	338
;	MET13	380
;	MET3	800
;	MET14	800
;	MET1	702
;	MET17	800
;	MET2	481
;	MET4	800
;	MET22	215
;	MET7	250
;	MET31	161
;	MET12	384
;	MET16	443
;
; column headers
;	1	seq            	oligomer sequence
;	2	id             	oligomer identifier
;	3	obs_freq       	observed relative frequency
;	4	exp_freq       	expected relative frequency
;	5	occ            	observed occurrences
;	6	exp_occ        	expected occurrences
;	7	occ_P          	occurrence probability (binomial)
;	8	occ_E          	E-value for occurrences (binomial)
;	9	occ_sig        	occurrence significance (binomial)
#seq	id	obs_freq	exp_freq	occ	exp_occ	occ_P	occ_E	occ_sig
aaaa	aaaa	0.0185617310140	0.0217899518769	175	205.44	0.98706	2.5e+02	-2.40
aaac	aaac	0.0043487484090	0.0067349006183	41	63.50	0.99897	2.6e+02	-2.41
aaag	aaag	0.0098642341960	0.0088394738900	93	83.34	0.15667	4.0e+01	-1.60
aaat	aaat	0.0095460330929	0.0113276344177	90	106.80	0.95685	2.4e+02	-2.39
aaca	aaca	0.0059397539245	0.0067768190869	56	63.89	0.85464	2.2e+02	-2.34
aacc	aacc	0.0027577428935	0.0029362889181	26	27.68	0.65140	1.7e+02	-2.22
aacg	aacg	0.0021213406873	0.0031059589099	20	29.28	0.97099	2.5e+02	-2.40
aact	aact	0.0055154857870	0.0050488466599	52	47.60	0.27998	7.2e+01	-1.86
aaga	aaga	0.0075307594400	0.0079828067742	71	75.26	0.70464	1.8e+02	-2.26
aagc	aagc	0.0041366143403	0.0040075386706	39	37.78	0.44297	1.1e+02	-2.05
aagg	aagg	0.0043487484090	0.0044836127066	41	42.27	0.59843	1.5e+02	-2.19
aagt	aagt	0.0060458209588	0.0053169917843	57	50.13	0.18216	4.7e+01	-1.67
aata	aata	0.0096521001273	0.0114480668433	91	107.93	0.95725	2.5e+02	-2.39
aatc	aatc	0.0038184132372	0.0044706379425	36	42.15	0.84825	2.2e+02	-2.34
aatg	aatg	0.0049851506152	0.0052141917304	47	49.16	0.64054	1.6e+02	-2.21
aatt	aatt	0.0078489605431	0.0091781485012	74	86.53	0.92315	2.4e+02	-2.37
acaa	acaa	0.0057276198557	0.0066044876049	54	62.27	0.86883	2.2e+02	-2.35
acac	acac	0.0046669495121	0.0032077609050	44	30.24	0.01092	2.8e+00	-0.45
acag	acag	0.0046669495121	0.0034140263853	44	32.19	0.02724	7.0e+00	-0.84
acat	acat	0.0073186253712	0.0052890461386	69	49.87	0.00578	1.5e+00	-0.17
acca	acca	0.0038184132372	0.0031262527717	36	29.47	0.13426	3.4e+01	-1.54
accc	accc	0.0016970725499	0.0019235919470	16	18.14	0.72411	1.9e+02	-2.27
accg	accg	0.0009546033093	0.0015726079442	9	14.83	0.95915	2.5e+02	-2.39
acct	acct	0.0028638099279	0.0027909050231	27	26.31	0.47250	1.2e+02	-2.08
acga	acga	0.0016970725499	0.0026511767945	16	25.00	0.97779	2.5e+02	-2.40
acgc	acgc	0.0016970725499	0.0019096191241	16	18.00	0.71388	1.8e+02	-2.26
acgg	acgg	0.0014849384811	0.0017376203285	14	16.38	0.75570	1.9e+02	-2.29
acgt	acgt	0.0041366143403	0.0026375366579	39	24.87	0.00519	1.3e+00	-0.12
acta	acta	0.0044548154434	0.0046449655420	42	43.79	0.62743	1.6e+02	-2.21
actc	actc	0.0035002121341	0.0025181022910	33	23.74	0.04127	1.1e+01	-1.02
actg	actg	0.0037123462028	0.0030876611657	35	29.11	0.15822	4.1e+01	-1.61
actt	actt	0.0053033517183	0.0054360934649	50	51.25	0.58841	1.5e+02	-2.18
agaa	agaa	0.0077428935087	0.0084459060461	73	79.63	0.78691	2.0e+02	-2.30
agac	agac	0.0022274077217	0.0024395883340	21	23.00	0.69020	1.8e+02	-2.25
agag	agag	0.0031820110310	0.0036941482151	30	34.83	0.81598	2.1e+02	-2.32
agat	agat	0.0041366143403	0.0046140257200	39	43.50	0.77324	2.0e+02	-2.30
agca	agca	0.0036062791684	0.0040717471185	34	38.39	0.78255	2.0e+02	-2.30
agcc	agcc	0.0019092066186	0.0020253939421	18	19.10	0.63002	1.6e+02	-2.21
agcg	agcg	0.0021213406873	0.0019828101010	20	18.69	0.41150	1.1e+02	-2.02
agct	agct	0.0032880780653	0.0031821440631	31	30.00	0.45174	1.2e+02	-2.06
agga	agga	0.0026516758591	0.0038834466962	25	36.61	0.98237	2.5e+02	-2.40
aggc	aggc	0.0016970725499	0.0020889370175	16	19.69	0.82737	2.1e+02	-2.33
aggg	aggg	0.0018031395842	0.0022339882262	17	21.06	0.84056	2.2e+02	-2.33
aggt	aggt	0.0036062791684	0.0027190447912	34	25.64	0.06473	1.7e+01	-1.22
agta	agta	0.0050912176496	0.0050944246773	48	48.03	0.52108	1.3e+02	-2.13
agtc	agtc	0.0039244802715	0.0021208748983	37	20.00	0.00041	1.1e-01	0.97
agtg	agtg	0.0023334747560	0.0030943148909	22	29.17	0.92794	2.4e+02	-2.38
agtt	agtt	0.0067882901994	0.0049230912542	64	46.41	0.00813	2.1e+00	-0.32
ataa	ataa	0.0102885023335	0.0104892650462	97	98.89	0.58951	1.5e+02	-2.18
atac	atac	0.0051972846839	0.0052797309234	49	49.78	0.56305	1.4e+02	-2.16
atag	atag	0.0049851506152	0.0050059301326	47	47.20	0.53093	1.4e+02	-2.13
atat	atat	0.0165464573611	0.0125010188517	156	117.86	0.00042	1.1e-01	0.97
atca	atca	0.0055154857870	0.0053462681751	52	50.40	0.42960	1.1e+02	-2.04
atcc	atcc	0.0024395417904	0.0026628208135	23	25.11	0.69009	1.8e+02	-2.25
atcg	atcg	0.0023334747560	0.0024991391743	22	23.56	0.65425	1.7e+02	-2.22
atct	atct	0.0045608824777	0.0048189604552	43	45.43	0.66134	1.7e+02	-2.23
atga	atga	0.0047730165465	0.0050701385805	45	47.80	0.67727	1.7e+02	-2.24
atgc	atgc	0.0043487484090	0.0028617671961	41	26.98	0.00704	1.8e+00	-0.26
atgg	atgg	0.0021213406873	0.0026997489882	20	25.45	0.88457	2.3e+02	-2.35
atgt	atgt	0.0040305473059	0.0045162159600	38	42.58	0.77946	2.0e+02	-2.30
atta	atta	0.0057276198557	0.0083278024243	54	78.51	0.99860	2.6e+02	-2.41
attc	attc	0.0032880780653	0.0052601024341	31	49.59	0.99815	2.6e+02	-2.41
attg	attg	0.0048790835808	0.0054693620907	46	51.57	0.79976	2.0e+02	-2.31
attt	attt	0.0132583792957	0.0116649782839	125	109.98	0.08387	2.1e+01	-1.33
caaa	caaa	0.0075307594400	0.0073127766494	71	68.94	0.41797	1.1e+02	-2.03
caac	caac	0.0045608824777	0.0036099785916	43	34.03	0.07686	2.0e+01	-1.29
caag	caag	0.0031820110310	0.0039523127517	30	37.26	0.90221	2.3e+02	-2.36
caat	caat	0.0056215528214	0.0055349012837	53	52.18	0.47335	1.2e+02	-2.08
caca	caca	0.0066822231650	0.0036728562945	63	34.63	9.1e-06	2.3e-03	2.63
cacc	cacc	0.0027577428935	0.0022073733255	26	20.81	0.15175	3.9e+01	-1.59
cacg	cacg	0.0031820110310	0.0017199879568	30	16.22	0.00137	3.5e-01	0.46
cact	cact	0.0039244802715	0.0032693078629	37	30.82	0.15288	3.9e+01	-1.59
caga	caga	0.0027577428935	0.0032011071799	26	30.18	0.80112	2.1e+02	-2.31
cagc	cagc	0.0022274077217	0.0024216232761	21	22.83	0.67779	1.7e+02	-2.24
cagg	cagg	0.0021213406873	0.0018527297739	20	17.47	0.30257	7.7e+01	-1.89
cagt	cagt	0.0037123462028	0.0030680326764	35	28.93	0.14980	3.8e+01	-1.58
cata	cata	0.0055154857870	0.0054184610932	52	51.09	0.46762	1.2e+02	-2.08
catc	catc	0.0047730165465	0.0036146361993	45	34.08	0.04140	1.1e+01	-1.03
catg	catg	0.0031820110310	0.0024276116287	30	22.89	0.08729	2.2e+01	-1.35
catt	catt	0.0070004242681	0.0060399190242	66	56.94	0.12883	3.3e+01	-1.52
ccaa	ccaa	0.0040305473059	0.0034642620104	38	32.66	0.19574	5.0e+01	-1.70
ccac	ccac	0.0040305473059	0.0021471571127	38	20.24	0.00027	6.9e-02	1.16
ccag	ccag	0.0015910055155	0.0017818676008	15	16.80	0.70306	1.8e+02	-2.26
ccat	ccat	0.0033941450997	0.0030959783222	32	29.19	0.32513	8.3e+01	-1.92
ccca	ccca	0.0023334747560	0.0019259207508	22	18.16	0.21160	5.4e+01	-1.73
cccc	cccc	0.0008485362749	0.0013640136601	8	12.86	0.94202	2.4e+02	-2.38
cccg	cccg	0.0014849384811	0.0011451061020	14	10.80	0.20007	5.1e+01	-1.71
ccct	ccct	0.0013788714468	0.0023537552793	13	22.19	0.98634	2.5e+02	-2.40
ccga	ccga	0.0008485362749	0.0014245625592	8	13.43	0.95706	2.5e+02	-2.39
ccgc	ccgc	0.0009546033093	0.0014964227910	9	14.11	0.94130	2.4e+02	-2.38
ccgg	ccgg	0.0013788714468	0.0011224834364	13	10.58	0.26655	6.8e+01	-1.83
ccgt	ccgt	0.0019092066186	0.0017296358583	18	16.31	0.36951	9.5e+01	-1.98
ccta	ccta	0.0016970725499	0.0024256155112	16	22.87	0.94540	2.4e+02	-2.38
cctc	cctc	0.0027577428935	0.0023647339258	26	22.29	0.24233	6.2e+01	-1.79
cctg	cctg	0.0013788714468	0.0018567220090	13	17.51	0.88880	2.3e+02	-2.36
cctt	cctt	0.0032880780653	0.0045311868416	31	42.72	0.97433	2.5e+02	-2.40
cgaa	cgaa	0.0016970725499	0.0031132780076	16	29.35	0.99730	2.6e+02	-2.41
cgac	cgac	0.0011667373780	0.0013144434076	11	12.39	0.69269	1.8e+02	-2.25
cgag	cgag	0.0020152736529	0.0016601044302	19	15.65	0.22923	5.9e+01	-1.77
cgat	cgat	0.0016970725499	0.0023693915335	16	22.34	0.93270	2.4e+02	-2.38
cgca	cgca	0.0020152736529	0.0021135558006	19	19.93	0.61253	1.6e+02	-2.20
cgcc	cgcc	0.0015910055155	0.0014152473439	15	13.34	0.36024	9.2e+01	-1.96
cgcg	cgcg	0.0012728044124	0.0013187683289	12	12.43	0.58707	1.5e+02	-2.18
cgct	cgct	0.0022274077217	0.0019754910033	21	18.62	0.32060	8.2e+01	-1.91
cgga	cgga	0.0018031395842	0.0017126688591	17	16.15	0.44864	1.1e+02	-2.06
cggc	cggc	0.0005303351718	0.0013756576791	5	12.97	0.99619	2.6e+02	-2.41
cggg	cggg	0.0013788714468	0.0011135009074	13	10.50	0.25775	6.6e+01	-1.82
cggt	cggt	0.0013788714468	0.0015536448275	13	14.65	0.70237	1.8e+02	-2.25
cgta	cgta	0.0022274077217	0.0025530343482	21	24.07	0.76202	2.0e+02	-2.29
cgtc	cgtc	0.0028638099279	0.0015383412596	27	14.50	0.00210	5.4e-01	0.27
cgtg	cgtg	0.0032880780653	0.0016125302952	31	15.20	0.00024	6.2e-02	1.20
cgtt	cgtt	0.0029698769622	0.0031209297916	28	29.42	0.62861	1.6e+02	-2.21
ctaa	ctaa	0.0039244802715	0.0041911814853	37	39.51	0.67726	1.7e+02	-2.24
ctac	ctac	0.0025456088248	0.0028720804702	24	27.08	0.74914	1.9e+02	-2.28
ctag	ctag	0.0026516758591	0.0022962005566	25	21.65	0.26242	6.7e+01	-1.83
ctat	ctat	0.0054094187527	0.0047454367921	51	44.74	0.19216	4.9e+01	-1.69
ctca	ctca	0.0042426813746	0.0032180741791	40	30.34	0.05262	1.3e+01	-1.13
ctcc	ctcc	0.0024395417904	0.0020676450970	23	19.49	0.24132	6.2e+01	-1.79
ctcg	ctcg	0.0023334747560	0.0016724138218	22	15.77	0.07951	2.0e+01	-1.31
ctct	ctct	0.0050912176496	0.0038252266009	48	36.06	0.03251	8.3e+00	-0.92
ctga	ctga	0.0021213406873	0.0028487924321	20	26.86	0.92806	2.4e+02	-2.38
ctgc	ctgc	0.0021213406873	0.0025081217033	20	23.65	0.80101	2.1e+02	-2.31
ctgg	ctgg	0.0013788714468	0.0017735504444	13	16.72	0.85057	2.2e+02	-2.34
ctgt	ctgt	0.0039244802715	0.0033434968985	37	31.52	0.18538	4.7e+01	-1.68
ctta	ctta	0.0033941450997	0.0043136100285	32	40.67	0.92968	2.4e+02	-2.38
cttc	cttc	0.0041366143403	0.0048126394163	39	45.37	0.84733	2.2e+02	-2.34
cttg	cttg	0.0041366143403	0.0037210958020	39	35.08	0.27535	7.0e+01	-1.85
cttt	cttt	0.0076368264743	0.0091079517006	72	85.87	0.94362	2.4e+02	-2.38
gaaa	gaaa	0.0076368264743	0.0097407209644	72	91.84	0.98612	2.5e+02	-2.40
gaac	gaac	0.0032880780653	0.0032200702966	31	30.36	0.47773	1.2e+02	-2.09
gaag	gaag	0.0042426813746	0.0046426367382	40	43.77	0.73645	1.9e+02	-2.28
gaat	gaat	0.0041366143403	0.0049646770365	39	46.81	0.89083	2.3e+02	-2.36
gaca	gaca	0.0032880780653	0.0028767380778	31	27.12	0.25202	6.5e+01	-1.81
gacc	gacc	0.0013788714468	0.0013107838587	13	12.36	0.46494	1.2e+02	-2.08
gacg	gacg	0.0007424692406	0.0015410027497	7	14.53	0.98978	2.5e+02	-2.40
gact	gact	0.0030759439966	0.0021145538594	29	19.94	0.03304	8.5e+00	-0.93
gaga	gaga	0.0025456088248	0.0037410569775	24	35.27	0.98145	2.5e+02	-2.40
gagc	gagc	0.0013788714468	0.0019422223775	13	18.31	0.91940	2.4e+02	-2.37
gagg	gagg	0.0018031395842	0.0022216788347	17	20.95	0.83455	2.1e+02	-2.33
gagt	gagt	0.0027577428935	0.0023264750061	26	21.93	0.21837	5.6e+01	-1.75
gata	gata	0.0056215528214	0.0047850264569	53	45.11	0.13601	3.5e+01	-1.54
gatc	gatc	0.0014849384811	0.0022319921087	14	21.04	0.95761	2.5e+02	-2.39
gatg	gatg	0.0028638099279	0.0030667019314	27	28.91	0.66438	1.7e+02	-2.23
gatt	gatt	0.0027577428935	0.0042893239316	26	40.44	0.99377	2.5e+02	-2.41
gcaa	gcaa	0.0041366143403	0.0042360941302	39	39.94	0.58041	1.5e+02	-2.17
gcac	gcac	0.0036062791684	0.0021820891699	34	20.57	0.00406	1.0e+00	-0.02
gcag	gcag	0.0014849384811	0.0024931508217	14	23.51	0.98642	2.5e+02	-2.40
gcat	gcat	0.0024395417904	0.0033751020931	23	31.82	0.95693	2.4e+02	-2.39
gcca	gcca	0.0037123462028	0.0022915429490	35	21.60	0.00484	1.2e+00	-0.09
gccc	gccc	0.0008485362749	0.0013460486021	8	12.69	0.93674	2.4e+02	-2.38
gccg	gccg	0.0011667373780	0.0013091204274	11	12.34	0.68777	1.8e+02	-2.25
gcct	gcct	0.0012728044124	0.0020643182344	12	19.46	0.97231	2.5e+02	-2.40
gcga	gcga	0.0015910055155	0.0018048229527	15	17.02	0.72065	1.8e+02	-2.27
gcgc	gcgc	0.0020152736529	0.0015240357505	19	14.37	0.13869	3.6e+01	-1.55
gcgg	gcgg	0.0010606703437	0.0014568331262	10	13.74	0.87763	2.2e+02	-2.35
gcgt	gcgt	0.0015910055155	0.0017981692275	15	16.95	0.71562	1.8e+02	-2.26
gcta	gcta	0.0025456088248	0.0027256985164	24	25.70	0.65806	1.7e+02	-2.23
gctc	gctc	0.0028638099279	0.0019325744760	27	18.22	0.03189	8.2e+00	-0.91
gctg	gctg	0.0015910055155	0.0023184905359	15	21.86	0.94961	2.4e+02	-2.39
gctt	gctt	0.0042426813746	0.0038471838940	40	36.27	0.28887	7.4e+01	-1.87
ggaa	ggaa	0.0039244802715	0.0047111701075	37	44.42	0.88553	2.3e+02	-2.36
ggac	ggac	0.0014849384811	0.0014132512264	14	13.32	0.46257	1.2e+02	-2.07
ggag	ggag	0.0013788714468	0.0019199323982	13	18.10	0.91220	2.3e+02	-2.37
ggat	ggat	0.0019092066186	0.0025417230154	18	23.96	0.91201	2.3e+02	-2.37
ggca	ggca	0.0015910055155	0.0023544206518	15	22.20	0.95628	2.4e+02	-2.39
ggcc	ggcc	0.0015910055155	0.0013041301336	15	12.30	0.25523	6.5e+01	-1.82
ggcg	ggcg	0.0008485362749	0.0013859709532	8	13.07	0.94794	2.4e+02	-2.39
ggct	ggct	0.0020152736529	0.0020104230605	19	18.95	0.52643	1.3e+02	-2.13
ggga	ggga	0.0015910055155	0.0019854715911	15	18.72	0.83554	2.1e+02	-2.33
gggc	gggc	0.0012728044124	0.0013390621907	12	12.62	0.60780	1.6e+02	-2.19
gggg	gggg	0.0011667373780	0.0012442466070	11	11.73	0.62404	1.6e+02	-2.20
gggt	gggt	0.0020152736529	0.0017555853864	19	16.55	0.30478	7.8e+01	-1.89
ggta	ggta	0.0031820110310	0.0027469904369	30	25.90	0.23417	6.0e+01	-1.78
ggtc	ggtc	0.0015910055155	0.0013284162304	15	12.52	0.27724	7.1e+01	-1.85
ggtg	ggtg	0.0022274077217	0.0020047673941	21	18.90	0.34418	8.8e+01	-1.95
ggtt	ggtt	0.0030759439966	0.0027772648865	29	26.18	0.31600	8.1e+01	-1.91
gtaa	gtaa	0.0047730165465	0.0050831133445	45	47.92	0.68354	1.7e+02	-2.24
gtac	gtac	0.0028638099279	0.0026568324609	27	25.05	0.37424	9.6e+01	-1.98
gtag	gtag	0.0027577428935	0.0026901010867	26	25.36	0.47590	1.2e+02	-2.09
gtat	gtat	0.0047730165465	0.0050401968172	45	47.52	0.66257	1.7e+02	-2.23
gtca	gtca	0.0047730165465	0.0027177140462	45	25.62	0.00033	8.4e-02	1.08
gtcc	gtcc	0.0019092066186	0.0014022725798	18	13.22	0.12192	3.1e+01	-1.49
gtcg	gtcg	0.0024395417904	0.0012528964497	23	11.81	0.00251	6.4e-01	0.19
gtct	gtct	0.0020152736529	0.0023288038099	19	21.96	0.76499	2.0e+02	-2.29
gtga	gtga	0.0047730165465	0.0030138048163	45	28.41	0.00241	6.2e-01	0.21
gtgc	gtgc	0.0019092066186	0.0020377033337	18	19.21	0.63988	1.6e+02	-2.21
gtgg	gtgg	0.0027577428935	0.0019112825554	26	18.02	0.04491	1.1e+01	-1.06
gtgt	gtgt	0.0025456088248	0.0029096740174	24	27.43	0.76984	2.0e+02	-2.29
gtta	gtta	0.0043487484090	0.0041462688404	41	39.09	0.40095	1.0e+02	-2.01
gttc	gttc	0.0032880780653	0.0030547252261	31	28.80	0.36506	9.3e+01	-1.97
gttg	gttg	0.0026516758591	0.0032726347255	25	30.85	0.87651	2.2e+02	-2.35
gttt	gttt	0.0076368264743	0.0064461289459	72	60.77	0.08639	2.2e+01	-1.34
taaa	taaa	0.0089096308867	0.0100461269497	84	94.71	0.87794	2.2e+02	-2.35
taac	taac	0.0043487484090	0.0043375634391	41	40.89	0.51433	1.3e+02	-2.12
taag	taag	0.0046669495121	0.0044257252976	44	41.73	0.38251	9.8e+01	-1.99
taat	taat	0.0072125583369	0.0085403889435	68	80.52	0.93056	2.4e+02	-2.38
taca	taca	0.0066822231650	0.0052907095699	63	49.88	0.04042	1.0e+01	-1.01
tacc	tacc	0.0024395417904	0.0029762112691	23	28.06	0.85459	2.2e+02	-2.34
tacg	tacg	0.0030759439966	0.0025856376015	29	24.38	0.19851	5.1e+01	-1.71
tact	tact	0.0045608824777	0.0052534487089	43	49.53	0.84192	2.2e+02	-2.33
taga	taga	0.0044548154434	0.0043099504797	42	40.63	0.43581	1.1e+02	-2.05
tagc	tagc	0.0031820110310	0.0029033529785	30	27.37	0.33232	8.5e+01	-1.93
tagg	tagg	0.0014849384811	0.0023760452586	14	22.40	0.97702	2.5e+02	-2.40
tagt	tagt	0.0056215528214	0.0045311868416	53	42.72	0.07050	1.8e+01	-1.26
tata	tata	0.0162282562580	0.0116885990083	153	110.20	6e-05	1.5e-02	1.81
tatc	tatc	0.0047730165465	0.0050465178561	45	47.58	0.66570	1.7e+02	-2.23
tatg	tatg	0.0042426813746	0.0044084256122	40	41.56	0.61691	1.6e+02	-2.20
tatt	tatt	0.0095460330929	0.0112015463257	90	105.61	0.94545	2.4e+02	-2.38
tcaa	tcaa	0.0071064913025	0.0061137753736	67	57.64	0.12227	3.1e+01	-1.50
tcac	tcac	0.0041366143403	0.0033232030368	39	31.33	0.10259	2.6e+01	-1.42
tcag	tcag	0.0030759439966	0.0028567769023	29	26.93	0.37025	9.5e+01	-1.98
tcat	tcat	0.0073186253712	0.0057371745289	69	54.09	0.02818	7.2e+00	-0.86
tcca	tcca	0.0032880780653	0.0031551964762	31	29.75	0.43326	1.1e+02	-2.04
tccc	tccc	0.0026516758591	0.0021504839753	25	20.27	0.17227	4.4e+01	-1.64
tccg	tccg	0.0014849384811	0.0017432759949	14	16.44	0.75970	1.9e+02	-2.29
tcct	tcct	0.0036062791684	0.0039499839479	34	37.24	0.72479	1.9e+02	-2.27
tcga	tcga	0.0024395417904	0.0025716647787	23	24.25	0.62743	1.6e+02	-2.21
tcgc	tcgc	0.0024395417904	0.0018823388509	23	17.75	0.13092	3.4e+01	-1.53
tcgg	tcgg	0.0011667373780	0.0014362065782	11	13.54	0.79203	2.0e+02	-2.31
tcgt	tcgt	0.0037123462028	0.0026415288930	35	24.90	0.03216	8.2e+00	-0.92
tcta	tcta	0.0058336868901	0.0043019660094	55	40.56	0.01749	4.5e+00	-0.65
tctc	tctc	0.0048790835808	0.0039549742418	46	37.29	0.09198	2.4e+01	-1.37
tctg	tctg	0.0027577428935	0.0031967822585	26	30.14	0.79909	2.0e+02	-2.31
tctt	tctt	0.0063640220619	0.0080869375731	60	76.24	0.97631	2.5e+02	-2.40
tgaa	tgaa	0.0058336868901	0.0063260292065	55	59.64	0.74411	1.9e+02	-2.28
tgac	tgac	0.0035002121341	0.0026688091662	33	25.16	0.07591	1.9e+01	-1.29
tgag	tgag	0.0020152736529	0.0029615730737	19	27.92	0.96923	2.5e+02	-2.39
tgat	tgat	0.0049851506152	0.0048382562582	47	45.62	0.43825	1.1e+02	-2.05
tgca	tgca	0.0043487484090	0.0037673391919	41	35.52	0.19870	5.1e+01	-1.71
tgcc	tgcc	0.0019092066186	0.0022798989299	18	21.49	0.80354	2.1e+02	-2.31
tgcg	tgcg	0.0020152736529	0.0019006365952	19	17.92	0.43019	1.1e+02	-2.04
tgct	tgct	0.0037123462028	0.0036482375114	35	34.40	0.48159	1.2e+02	-2.09
tgga	tgga	0.0027577428935	0.0029998319934	26	28.28	0.69183	1.8e+02	-2.25
tggc	tggc	0.0026516758591	0.0022409746377	25	21.13	0.22616	5.8e+01	-1.76
tggg	tggg	0.0016970725499	0.0017286377995	16	16.30	0.56259	1.4e+02	-2.16
tggt	tggt	0.0030759439966	0.0028131950024	29	26.52	0.34024	8.7e+01	-1.94
tgta	tgta	0.0046669495121	0.0050804518545	44	47.90	0.73333	1.9e+02	-2.27
tgtc	tgtc	0.0027577428935	0.0027200428500	26	25.64	0.49827	1.3e+02	-2.11
tgtg	tgtg	0.0041366143403	0.0031668404952	39	29.86	0.06115	1.6e+01	-1.19
tgtt	tgtt	0.0050912176496	0.0060725222775	48	57.25	0.90482	2.3e+02	-2.36
ttaa	ttaa	0.0060458209588	0.0075815871463	57	71.48	0.96607	2.5e+02	-2.39
ttac	ttac	0.0061518879932	0.0052730771982	58	49.71	0.13501	3.5e+01	-1.54
ttag	ttag	0.0043487484090	0.0041179905085	41	38.82	0.38436	9.8e+01	-1.99
ttat	ttat	0.0078489605431	0.0099945605797	74	94.23	0.98661	2.5e+02	-2.40
ttca	ttca	0.0071064913025	0.0067478753824	67	63.62	0.35185	9.0e+01	-1.95
ttcc	ttcc	0.0042426813746	0.0048532271399	40	45.76	0.82234	2.1e+02	-2.32
ttcg	ttcg	0.0026516758591	0.0031022993611	25	29.25	0.80871	2.1e+02	-2.32
ttct	ttct	0.0081671616462	0.0085177662779	77	80.31	0.65959	1.7e+02	-2.23
ttga	ttga	0.0046669495121	0.0058363150339	44	55.02	0.94458	2.4e+02	-2.38
ttgc	ttgc	0.0035002121341	0.0041665627022	33	39.28	0.86227	2.2e+02	-2.34
ttgg	ttgg	0.0039244802715	0.0033837519358	37	31.90	0.20446	5.2e+01	-1.72
ttgt	ttgt	0.0061518879932	0.0062079255847	58	58.53	0.54520	1.4e+02	-2.14
ttta	ttta	0.0108188375053	0.0101569114739	102	95.76	0.27406	7.0e+01	-1.85
tttc	tttc	0.0114552397115	0.0100607651451	108	94.85	0.09776	2.5e+01	-1.40
tttg	tttg	0.0065761561307	0.0071224801095	62	67.15	0.75225	1.9e+02	-2.28
tttt	tttt	0.0204709376326	0.0231004030494	193	217.79	0.96056	2.5e+02	-2.39
; Host name	caminante-4.local
; Job started	2026-05-30.092211
; Job done	2026-05-30.092212
; Seconds	0.05
;	user	0.05
;	system	0.01
;	cuser	0
;	csystem	0
